date,category,payment_mode,description,amount_paid,cashback
2024-07-30,Transportation,Credit Card,Boy science help fire expert.,250.53,0.0
2025-01-03,Groceries,Credit Card,Get have second someone together.,80.29,0.0
2024-09-21,Bills,Net Banking,Wide have.,462.73,0.0
2024-12-06,Transportation,Cash,Fact production law.,306.76,0.0
2025-01-29,Transportation,Debit Card,Factor law close need why.,321.86,0.0
2024-09-02,Entertainment,Cash,Everything foot.,453.37,2.27
2024-09-04,Groceries,Debit Card,Whether adult.,213.49,0.0
2025-01-01,Bills,Cash,Term bed compare.,284.24,0.0
2024-03-25,Rent,Debit Card,Phone garden medical black.,257.3,7.35
2024-09-08,Food,Credit Card,Hand state.,56.84,38.44
2024-05-20,Entertainment,Cash,Feel particularly.,336.55,0.0
2024-08-22,Food,Debit Card,Professor let able film care.,122.97,0.0
2024-08-08,Food,Credit Card,Not free home main.,112.05,0.0
2024-06-16,Food,Cash,Wide total him worker.,356.97,0.0
2024-10-09,Bills,Net Banking,Fear necessary like.,81.17,28.2
2025-02-08,Bills,Credit Card,Soldier around public one.,494.39,0.0
2024-06-30,Rent,Cash,But style science tell.,261.9,0.0
2025-01-18,Groceries,Cash,Mission effect.,464.97,0.0
2024-07-08,Transportation,Cash,Total area.,188.1,0.0
2025-01-06,Rent,Debit Card,Number me cup my recognize.,263.34,33.16
2024-07-22,Food,Credit Card,Let require food.,87.39,0.0
2025-03-02,Transportation,Credit Card,Sure participant including right.,135.14,0.0
2024-11-06,Bills,UPI,Source fine game.,345.91,0.0
2024-10-22,Rent,Net Banking,Age focus.,165.72,0.0
2024-08-01,Rent,Cash,Whether book likely.,61.19,0.0
2024-11-23,Entertainment,Cash,Most hotel understand.,222.98,0.0
2024-11-02,Rent,Credit Card,Bank top prove ball similar.,116.98,0.0
2024-04-07,Entertainment,Cash,Out movement into.,284.87,0.0
2024-08-29,Groceries,Credit Card,Shake each exist city.,174.22,0.0
2024-10-22,Groceries,Credit Card,Front now southern boy practice.,410.59,41.8
2024-08-14,Rent,Credit Card,Us reduce.,391.05,0.0
2024-05-26,Rent,Credit Card,Cover show.,92.53,6.28
2024-05-21,Bills,Cash,While close general radio letter.,478.88,0.0
2024-06-01,Food,Net Banking,Indicate ask another.,231.78,8.25
2024-04-05,Transportation,Net Banking,Partner test.,153.22,0.0
2025-01-19,Entertainment,UPI,System true.,232.42,28.87
2024-11-01,Entertainment,Cash,Prepare join bad.,284.44,0.0
2024-07-29,Entertainment,Debit Card,Glass seem stay.,448.09,0.0
2024-05-12,Food,Credit Card,Smile price.,258.57,0.0
2024-10-14,Entertainment,Net Banking,Sell study west respond sell.,132.43,42.12
2024-06-16,Rent,Credit Card,Break trip.,79.07,0.0
2024-07-23,Entertainment,Net Banking,Finally opportunity begin.,346.91,0.0
2024-04-04,Rent,Credit Card,Let student threat.,370.1,0.0
2024-07-02,Rent,Net Banking,Lot answer.,292.1,0.0
2024-09-04,Entertainment,Cash,Want suffer probably his.,64.58,34.2
2024-12-28,Groceries,Debit Card,Current effort hotel.,300.32,20.92
2024-04-17,Food,UPI,Space safe.,86.49,0.0
2024-12-16,Entertainment,Credit Card,Director throw middle.,217.62,0.0
2025-02-22,Rent,Cash,Song set use.,366.55,0.0
2024-05-20,Rent,UPI,Put last beautiful.,96.52,0.0
2024-08-11,Food,UPI,Wife science accept production.,121.77,0.0
2025-02-05,Groceries,Cash,To our.,411.37,0.0
2024-10-24,Transportation,Cash,Near eat evening be.,280.1,0.0
2024-05-23,Bills,Debit Card,Million drug.,396.62,0.0
2024-05-02,Entertainment,Credit Card,Show trip.,345.98,0.0
2025-02-10,Transportation,Credit Card,Wall kid.,287.2,0.0
2024-09-26,Groceries,Credit Card,Future here admit guess.,243.22,0.0
2024-05-31,Rent,Net Banking,Find any particular.,394.5,0.0
2024-06-02,Transportation,Debit Card,Say among you impact.,408.6,15.3
2024-06-10,Transportation,Net Banking,Particular nor meeting sell our.,344.07,36.9
2024-06-02,Food,Debit Card,Bed three whatever.,445.11,0.0
2024-08-16,Groceries,Debit Card,Understand war.,178.32,34.09
2024-11-10,Food,UPI,Cell science.,144.09,39.66
2024-06-15,Groceries,Net Banking,Network order.,88.88,0.0
2024-11-24,Groceries,Credit Card,Go none outside.,308.31,0.0
2024-03-31,Bills,UPI,How federal last.,489.64,17.09
2025-03-02,Entertainment,UPI,Wind phone road trip.,151.58,0.0
2024-08-04,Bills,Cash,Major box.,454.9,32.88
2025-03-01,Groceries,UPI,Look protect measure about.,164.52,0.0
2024-03-23,Food,UPI,Career meet teacher.,240.44,0.0
2024-10-04,Transportation,UPI,Win so actually another election.,427.2,33.78
2024-05-04,Food,Debit Card,According we relationship rise thought.,274.1,0.0
2024-10-30,Food,Net Banking,Me sense.,372.81,32.91
2025-01-19,Food,Debit Card,Bill recognize water material road.,189.62,0.0
2025-03-09,Entertainment,Credit Card,Commercial manager.,290.51,0.0
2024-12-09,Groceries,Net Banking,Point conference country.,432.54,0.0
2024-12-23,Transportation,Debit Card,Campaign far old.,314.04,0.0
2024-09-08,Rent,Net Banking,Skin believe success policy.,469.93,0.0
2024-04-15,Groceries,Debit Card,Performance heavy institution line food.,283.35,0.0
2024-06-16,Bills,Credit Card,Consider century great home.,257.38,7.31
2024-12-18,Transportation,Cash,Cut focus.,135.27,14.85
2024-10-29,Food,Net Banking,Environmental cause security method.,363.63,0.0
2024-12-26,Food,Credit Card,Price training produce.,96.19,0.0
2024-04-12,Rent,Cash,Something plan respond.,119.94,22.68
2024-08-16,Rent,Credit Card,Home when radio commercial.,295.4,0.0
2024-06-13,Entertainment,Net Banking,Movement group peace yet teacher.,242.16,0.0
2024-11-21,Transportation,Cash,Authority film coach.,389.54,0.0
2024-06-28,Transportation,Cash,Serious issue be.,209.27,30.94
2024-08-06,Entertainment,Net Banking,Herself challenge morning above.,100.44,7.06
2024-07-16,Transportation,Credit Card,Tv travel main.,478.95,23.76
2024-12-15,Entertainment,Debit Card,Order point board positive.,385.78,0.0
2024-11-12,Groceries,Debit Card,Then ten.,370.51,30.36
2024-09-18,Entertainment,Debit Card,Property door all but wish.,390.79,0.0
2025-01-24,Rent,Credit Card,East check all.,401.14,0.0
2024-05-14,Bills,UPI,Pretty else.,163.53,0.0
2024-11-20,Rent,Net Banking,Or movie amount same.,330.91,0.0
2025-02-28,Rent,Debit Card,Item ok continue tend.,166.84,0.0
2024-08-18,Food,Net Banking,Campaign test statement success world.,471.81,0.0
2024-09-26,Food,Credit Card,Data star research.,254.85,31.84
2024-09-21,Food,Cash,Meet light other tree.,147.08,0.0
2024-12-06,Food,UPI,His type time name item.,84.74,0.0
2024-03-27,Bills,Credit Card,Bad carry hope church might.,229.05,0.0
2024-04-13,Food,Credit Card,Truth wonder fear.,383.75,31.26
2024-12-27,Rent,Debit Card,Mrs like message.,202.99,0.0
2024-03-23,Bills,Net Banking,Role television pay.,80.2,21.76
2024-06-13,Entertainment,UPI,Pretty friend.,244.83,0.0
2024-05-13,Groceries,Cash,If election wind while.,351.51,42.42
2024-03-16,Groceries,UPI,Young care.,154.12,41.08
2025-03-05,Food,Credit Card,What pick knowledge.,389.64,0.0
2025-01-14,Transportation,Cash,Food property thus how significant.,317.1,0.0
2024-06-30,Entertainment,Cash,Its act.,282.01,31.17
2024-08-23,Groceries,UPI,Season former.,306.43,22.99
2025-01-14,Entertainment,Cash,Imagine hear.,380.44,8.07
2024-03-16,Entertainment,UPI,Century claim work.,126.76,0.0
2025-02-22,Groceries,Credit Card,Site entire ever home total.,130.46,8.63
2024-05-03,Bills,Credit Card,Free station.,154.59,0.0
2024-11-28,Groceries,Debit Card,Whole final career even.,455.5,25.56
2024-04-21,Transportation,Net Banking,Professional moment walk order rather.,436.89,0.0
2024-11-10,Groceries,Net Banking,Least idea without.,327.97,18.02
2024-12-22,Food,Cash,Myself woman future major.,315.68,44.15
2024-06-13,Bills,Cash,Serve option least run.,316.7,20.74
2024-06-30,Food,Debit Card,Thing another glass onto surface.,490.65,0.0
2024-05-10,Bills,Debit Card,Reduce less can.,316.54,0.0
2024-10-10,Food,Cash,Clearly now value training.,113.43,0.0
2024-06-01,Food,Net Banking,Air better.,497.28,0.0
2024-08-16,Rent,Net Banking,Social place dinner partner.,163.82,0.0
2024-04-24,Rent,Credit Card,Many specific today report.,266.71,0.0
2024-12-07,Groceries,Credit Card,Ahead subject term wind.,181.43,0.0
2025-03-09,Entertainment,Credit Card,Ever economic stage conference yeah.,88.44,17.25
2024-06-06,Bills,Cash,Degree man ever ago.,131.18,0.0
2024-04-23,Transportation,Credit Card,Avoid president.,223.24,28.58
2025-02-10,Bills,Credit Card,Sound wonder about method.,180.09,0.0
2024-12-31,Groceries,Debit Card,Discover marriage herself pick.,157.39,0.0
2024-05-19,Transportation,Cash,Campaign southern.,212.64,0.0
2024-03-24,Food,Debit Card,Court training.,331.56,0.0
2025-01-05,Bills,Credit Card,Despite executive.,436.8,0.0
2024-03-23,Rent,Cash,Major book.,381.83,0.0
2025-02-12,Transportation,UPI,Per situation.,269.64,0.0
2024-07-29,Rent,Cash,Carry move who serve I.,125.98,0.0
2024-06-13,Groceries,UPI,Husband indeed.,88.37,36.43
2024-07-07,Rent,Cash,Big including yard.,303.9,0.0
2024-06-28,Rent,Cash,Simply minute paper.,479.4,15.28
2024-07-27,Groceries,Cash,Soldier perhaps food wall also.,219.45,0.0
2024-10-15,Groceries,Cash,Good collection book five.,229.18,0.0
2024-06-11,Bills,Net Banking,Represent feeling visit police.,153.73,0.0
2024-05-10,Bills,Cash,Activity lose senior which sister.,424.38,0.0
2024-06-20,Bills,Cash,Model government production here.,376.21,0.0
2024-05-27,Entertainment,UPI,Sort water recognize.,100.81,0.0
2024-06-17,Groceries,Cash,Yard people large world light.,455.15,0.0
2025-01-31,Rent,Debit Card,Race field present.,475.72,0.0
2025-02-05,Groceries,UPI,Major since carry.,447.2,19.38
2024-03-26,Bills,Debit Card,Run outside young for.,429.12,0.0
2024-11-08,Rent,UPI,Charge argue all wish write.,171.51,0.0
2024-08-05,Entertainment,Credit Card,Whether loss assume.,53.79,0.0
2024-06-19,Rent,Net Banking,Heavy off mention.,71.14,12.19
2024-09-08,Bills,Credit Card,Ask something explain.,243.72,18.64
2025-01-30,Groceries,Debit Card,Federal senior east.,348.38,0.0
2025-03-06,Transportation,Debit Card,Evidence less.,314.72,0.0
2024-05-15,Groceries,Net Banking,Ask mission defense somebody.,411.93,0.0
2024-12-25,Groceries,Cash,Relationship particular.,319.05,40.54
2024-07-11,Food,Cash,Thousand stop performance through win.,448.71,18.53
2024-10-14,Rent,Cash,Response music improve front necessary.,387.25,0.0
2024-09-05,Bills,UPI,Decision with daughter.,381.13,0.0
2024-10-19,Rent,Cash,Have tough.,349.93,0.0
2024-11-02,Bills,Credit Card,Occur relate few.,424.48,0.0
2024-05-31,Food,Cash,Thus floor past.,461.46,0.0
2025-02-15,Entertainment,Credit Card,Wrong ten subject.,55.79,0.0
2024-03-24,Entertainment,Cash,Mr begin name thousand wish.,315.37,4.91
2024-09-15,Bills,Credit Card,Quality build.,463.68,0.0
2024-07-02,Transportation,Net Banking,Indicate heavy society care.,477.28,38.83
2025-01-13,Entertainment,Debit Card,Sport discussion charge support.,190.05,0.0
2024-10-11,Food,Net Banking,Say head.,221.88,0.0
2024-11-16,Rent,Cash,Miss drug hospital democratic analysis.,178.99,0.0
2024-09-01,Transportation,UPI,Price identify seven.,227.33,0.0
2024-05-08,Food,UPI,Expert edge attention then determine.,394.79,0.0
2024-11-17,Groceries,Credit Card,Condition level reality ever system.,98.71,25.77
2024-10-02,Food,UPI,Choose hotel must air.,251.2,0.36
2024-12-19,Groceries,UPI,Prove six much food cut.,366.23,46.97
2024-05-18,Transportation,Net Banking,Front dream last.,395.68,30.7
2024-06-11,Groceries,UPI,Wall general me modern.,117.82,13.01
2025-02-12,Rent,Credit Card,Federal anyone speech series.,132.31,0.0
2024-03-24,Bills,Net Banking,International any party.,293.68,28.77
2025-01-16,Entertainment,Cash,Fear after issue themselves.,266.8,38.95
2024-12-12,Entertainment,UPI,Everybody middle.,196.86,0.0
2024-03-25,Entertainment,UPI,Me news often.,493.66,3.97
2024-11-26,Food,Debit Card,Itself customer pass fight.,412.81,0.0
2024-06-13,Entertainment,UPI,Team account ago.,143.93,0.0
2024-12-10,Bills,Cash,Full where former.,364.5,44.5
2024-09-30,Transportation,Credit Card,New seat eye.,163.81,0.0
2024-05-27,Transportation,Net Banking,Image pull modern.,58.16,0.0
2025-01-28,Groceries,Net Banking,Player shake.,112.59,10.3
2024-09-12,Food,UPI,Its three.,436.57,0.0
2024-09-14,Rent,Cash,Role against kid surface.,137.64,17.94
2025-02-01,Bills,Debit Card,Law name whatever suddenly night.,52.27,0.0
2024-12-08,Bills,UPI,Very action behavior left.,454.71,8.23
2024-03-25,Groceries,UPI,Boy throw.,103.04,0.0
2024-04-03,Rent,Net Banking,School general place.,72.5,3.85
2024-05-02,Bills,Net Banking,Fight color for.,165.45,0.0
2024-09-08,Entertainment,Debit Card,President shoulder their per.,165.02,0.0
2025-01-19,Food,Net Banking,Mention evidence.,333.08,0.0
2024-03-21,Groceries,Debit Card,Subject again property ability.,304.88,16.67
2024-11-02,Entertainment,Net Banking,Agree turn box though couple.,232.96,9.64
2025-02-26,Entertainment,UPI,Develop tax campaign two election.,164.08,0.0
2024-05-16,Food,Credit Card,Weight evidence forward husband.,212.08,0.0
2024-10-31,Transportation,Debit Card,Participant join night.,110.37,0.0
2024-07-14,Entertainment,Credit Card,Case blue among feeling.,306.2,0.0
2024-06-23,Groceries,Credit Card,Age perform friend.,236.72,11.71
2024-09-16,Food,Credit Card,Door meeting southern fight.,101.86,0.0
2024-07-31,Transportation,Cash,Put realize authority court deal.,437.84,0.0
2024-04-17,Rent,Cash,Professor three sing you.,460.73,0.0
2024-09-28,Groceries,Credit Card,Wife condition budget.,129.59,0.0
2024-08-12,Entertainment,Cash,Article parent represent school.,55.44,38.48
2024-08-26,Groceries,Debit Card,Middle approach his national between.,141.58,21.39
2024-03-17,Groceries,Net Banking,Water create.,357.76,16.13
2024-12-20,Food,Net Banking,Easy heavy billion.,190.6,0.0
2025-03-11,Bills,Debit Card,Use store chance.,161.95,0.0
2025-01-08,Bills,Credit Card,Goal amount prevent race.,177.87,8.15
2024-08-18,Entertainment,Cash,Base lose keep owner.,250.34,0.0
2025-02-01,Groceries,Net Banking,Minute service exactly parent member.,447.8,0.0
2024-11-21,Groceries,UPI,Tv knowledge her reflect.,92.1,0.0
2024-05-02,Bills,UPI,Sometimes support behavior offer her.,89.07,22.16
2025-01-21,Transportation,Debit Card,Likely support thing improve question.,207.56,47.0
2024-05-08,Entertainment,UPI,Respond usually dinner.,282.55,0.0
2024-08-06,Food,Cash,Start safe garden.,242.33,0.0
2024-12-10,Entertainment,Debit Card,Data leg suggest most.,340.01,0.0
2025-01-15,Groceries,Credit Card,Event good.,378.2,0.0
2024-10-09,Groceries,Net Banking,Force late born maybe author.,469.16,0.0
2024-04-18,Bills,Credit Card,Size bed at.,103.02,0.0
2025-03-02,Transportation,UPI,International ball their three close.,161.13,0.0
2024-12-21,Bills,Net Banking,Minute fill Mrs bed.,472.12,0.0
2024-09-19,Groceries,Cash,Seven special.,484.71,4.09
2024-03-16,Transportation,Debit Card,Rise instead generation when.,109.04,33.01
2025-01-07,Rent,Net Banking,Report situation impact hand.,52.3,0.0
2024-11-10,Food,Credit Card,Other study they truth.,332.68,0.0
2025-03-10,Rent,Debit Card,Thus forget give.,145.61,0.0
2025-03-14,Groceries,Cash,Keep certain future allow us.,316.71,0.0
2024-11-23,Food,Net Banking,Heart perhaps recognize.,379.46,22.17
2024-08-04,Entertainment,Debit Card,A candidate bag.,446.94,6.58
2024-06-17,Bills,Credit Card,Particular sister church after evidence.,304.18,47.8
2024-08-12,Bills,Net Banking,Government bag information.,388.05,0.0
2024-05-20,Bills,Net Banking,Pm financial cup.,76.69,0.0
2024-09-17,Transportation,Credit Card,Scientist require.,235.27,46.86
2024-12-20,Transportation,Net Banking,Event rest.,200.93,0.0
2025-01-01,Transportation,Cash,Sure four us avoid.,68.36,0.0
2024-07-01,Groceries,Cash,Establish task manager step.,307.45,0.0
2024-11-11,Entertainment,Debit Card,Animal much mind happy forget.,475.14,0.0
2024-03-27,Groceries,Credit Card,Major try happen less.,352.82,0.0
2024-05-25,Food,Net Banking,Effort Republican act science truth.,193.45,0.0
2024-08-05,Groceries,Net Banking,Team beyond.,420.8,0.0
2024-06-22,Food,Cash,Action over adult tough.,58.97,0.0
2025-02-20,Entertainment,Net Banking,Cover worker at dream compare.,339.26,46.11
2024-05-14,Rent,Cash,Forward travel.,194.65,0.0
2024-05-30,Groceries,Net Banking,Effect company.,396.85,0.0
2025-03-15,Rent,Debit Card,Situation single people.,175.36,0.0
2024-06-11,Entertainment,Net Banking,Certain issue eight order.,95.74,42.8
2024-04-23,Bills,UPI,He trade certain TV responsibility.,127.87,0.0
2024-06-13,Transportation,UPI,Claim design.,304.9,0.0
2024-10-26,Bills,Net Banking,Face including.,409.1,0.0
2025-01-14,Groceries,Cash,Resource purpose.,124.17,22.8
2024-03-25,Rent,Net Banking,Five family.,193.8,0.0
2024-05-27,Entertainment,Net Banking,Him home.,105.29,21.89
2024-09-24,Groceries,Net Banking,Both lawyer piece knowledge modern.,283.97,0.0
2024-07-29,Entertainment,Net Banking,Century set necessary section.,225.54,0.0
2025-03-15,Transportation,Credit Card,Which beautiful democratic.,415.38,36.79
2025-03-05,Food,Net Banking,Difficult see market.,123.38,0.0
2025-02-01,Transportation,UPI,Investment born.,196.23,0.0
2024-03-26,Groceries,Debit Card,Everyone material employee able.,336.97,49.39
2024-03-17,Entertainment,Cash,Kind administration recognize.,446.45,0.0
2024-04-04,Rent,Credit Card,Computer expert popular personal.,333.67,41.64
2024-06-28,Bills,Debit Card,Pull make business discuss.,280.14,28.57
2025-03-09,Groceries,Credit Card,Hot face source skin.,306.6,0.0
2024-05-01,Transportation,UPI,Set technology.,156.58,0.0
2024-04-10,Rent,UPI,Painting huge political everybody walk.,59.1,8.0
2024-05-02,Bills,Net Banking,If summer us.,196.26,18.57
2025-01-15,Food,Cash,All almost traditional wait thousand.,393.86,0.0
2024-08-13,Entertainment,UPI,Laugh evening.,362.11,35.69
2025-01-14,Food,Credit Card,Baby create whom report how.,171.15,16.02
2025-02-04,Bills,Net Banking,Question treatment yeah.,454.76,8.19
2024-09-28,Transportation,Credit Card,Use price billion pass glass.,483.97,0.0
2025-01-26,Groceries,Cash,Employee already.,219.26,0.0
2024-07-07,Groceries,Net Banking,School myself color her throughout.,366.85,0.0
2024-11-22,Rent,Net Banking,Number nice threat measure work.,426.23,22.02
2024-04-29,Rent,UPI,Behavior professional character international kid.,324.22,0.0
2024-04-05,Bills,Cash,For however claim.,91.81,0.0
2025-03-11,Groceries,UPI,Name case three.,371.55,0.0
2024-06-22,Transportation,Debit Card,Hit teacher technology.,163.39,43.67
2024-10-21,Rent,Cash,Fact perform agency.,342.05,0.0
2024-06-10,Groceries,Cash,Herself back list main.,350.06,0.0
2024-06-05,Groceries,Debit Card,Soon teach address.,257.66,16.36
2024-12-08,Entertainment,Debit Card,Brother score important.,59.09,8.06
2024-04-20,Bills,Credit Card,Big many woman.,351.9,0.0
2025-02-19,Bills,Credit Card,Future true claim.,349.57,0.0
2024-08-24,Rent,UPI,Artist floor tonight cause many.,246.33,0.0
2025-03-10,Rent,Net Banking,But skin hear.,477.82,0.0
2024-09-28,Transportation,Credit Card,Resource fall.,334.99,9.86
2025-01-20,Groceries,Net Banking,Miss senior one onto community.,213.54,0.0
2024-07-03,Transportation,Net Banking,Customer central ability.,472.41,0.0
2024-04-02,Entertainment,Net Banking,Answer article floor meeting clear.,205.94,0.0
2024-03-28,Food,Debit Card,Down personal because.,188.81,0.0
2024-03-25,Rent,Net Banking,Up reduce few.,143.13,7.48
2024-04-09,Rent,Credit Card,Various what season a.,80.04,0.0
2025-01-10,Entertainment,Debit Card,Agreement mention life much.,431.1,36.73
2024-09-26,Entertainment,Net Banking,Foot exist church already.,314.92,0.0
2024-05-08,Groceries,Credit Card,Cold still.,178.57,0.0
2024-07-25,Entertainment,Credit Card,Final attention.,107.47,12.78
2024-11-10,Groceries,Debit Card,Current later least.,486.5,35.1
2024-03-24,Food,Debit Card,Serve set.,68.81,43.12
2025-03-10,Groceries,UPI,During decision activity.,263.16,0.0
2025-01-07,Entertainment,UPI,Artist fast everything give manage.,326.2,0.61
2024-12-10,Bills,Net Banking,Perhaps minute part.,66.1,0.0
2024-06-11,Groceries,Net Banking,Enough pay stand however.,355.8,0.0
2024-09-09,Transportation,UPI,Floor white computer field.,194.2,0.0
2024-09-25,Bills,Credit Card,Watch material.,434.23,0.0
2024-03-29,Food,Cash,Crime improve address yeah right.,233.54,18.11
2024-05-28,Entertainment,Debit Card,Now office.,236.03,11.76
2024-12-15,Rent,Net Banking,Probably standard sort decision.,244.16,29.01
2025-01-10,Groceries,Debit Card,Plant reality name local road.,444.53,43.5
2024-12-22,Groceries,Credit Card,Herself a middle site.,381.59,0.0
2024-04-04,Food,Cash,Effort practice above special.,241.79,0.0
2024-12-09,Bills,Cash,Friend she house.,324.75,49.89
2024-05-02,Groceries,Cash,Less security.,409.72,0.0
2025-01-19,Entertainment,Net Banking,Suddenly answer summer guess.,417.26,0.0
2025-01-20,Bills,Net Banking,Say include media campaign.,353.54,47.85
2024-05-20,Groceries,Net Banking,Hope light next my feeling.,375.9,0.0
2025-01-30,Entertainment,Debit Card,Civil area peace any story.,268.01,0.0
2024-05-31,Rent,UPI,Agent international if.,332.4,0.0
2024-12-26,Bills,UPI,Everyone ask behind Republican throughout.,122.9,0.0
2024-07-18,Groceries,Debit Card,Ever college smile.,382.59,33.51
2024-10-19,Rent,Cash,Certain other behavior.,322.87,23.08
2024-04-21,Bills,UPI,Realize nothing general act kid.,488.6,0.0
2024-12-15,Transportation,Net Banking,Long bank official letter reduce.,336.88,0.0
2024-08-26,Transportation,Debit Card,Surface shake.,81.01,7.58
2024-08-16,Rent,Debit Card,Yard happy himself.,79.91,34.55
2024-05-27,Transportation,Debit Card,Peace others billion.,193.36,0.0
2024-11-03,Food,Net Banking,Together person.,406.26,16.34
2024-04-17,Groceries,Debit Card,Work spend maintain feel.,147.42,30.71
2025-03-05,Entertainment,Cash,Our price degree.,330.12,0.0
2024-07-02,Bills,UPI,Must news sell fast.,449.72,0.0
2024-08-27,Entertainment,Net Banking,Pass now guess.,275.6,0.0
2025-02-14,Transportation,Net Banking,Your play red which center.,454.07,15.35
2024-08-17,Rent,Credit Card,Support design audience nice.,468.14,0.0
2024-07-19,Transportation,UPI,Sure training still force.,496.09,0.0
2024-09-09,Rent,Credit Card,Star involve bar eight.,215.13,6.33
2025-01-17,Transportation,Net Banking,Deal I method space.,293.45,40.2
2024-11-23,Transportation,Debit Card,Material nearly myself travel teacher.,381.11,0.0
2025-02-05,Rent,Cash,Visit hope sister wall direction.,346.41,0.0
2025-02-10,Rent,Cash,Customer outside other population.,290.38,35.5
2024-12-04,Groceries,Debit Card,Adult she finish.,364.78,0.0
2024-10-05,Transportation,Debit Card,Shake together rather.,109.82,0.0
2024-03-28,Rent,Net Banking,Certainly thing including law.,315.49,0.0
2024-04-02,Rent,UPI,Support nothing hot such.,58.72,0.0
2025-01-09,Rent,Credit Card,Week employee talk else.,369.71,0.0
2024-05-19,Rent,Net Banking,Stand education explain.,194.84,0.0
2024-11-05,Bills,Credit Card,Voice dog scene.,312.07,36.2
2025-01-03,Groceries,Debit Card,Character point practice else president.,412.22,0.0
2024-08-16,Transportation,Debit Card,Doctor building gun.,186.11,0.0
2024-09-24,Entertainment,Credit Card,Goal share adult despite.,118.78,0.0
2024-07-21,Entertainment,UPI,House fish tree and board.,380.18,0.0
2024-08-30,Transportation,UPI,Reach parent fill history.,122.11,0.0
2024-12-16,Bills,UPI,His natural night.,130.46,30.9
2024-12-29,Food,Debit Card,Leave white others consumer executive.,127.96,0.0
2025-03-05,Rent,Credit Card,Happen spend dinner design American.,254.12,20.32
2024-10-23,Entertainment,UPI,Sound learn teach stock response.,158.84,14.61
2024-09-06,Entertainment,UPI,Election PM describe.,477.21,44.64
2025-02-20,Groceries,Debit Card,Rather personal customer a rise.,325.62,0.0
2024-04-25,Bills,Credit Card,Happy including beautiful.,77.82,37.33
2024-10-09,Bills,Net Banking,Control evening thought.,418.54,0.0
2024-05-29,Entertainment,Net Banking,Cover mission firm health.,405.59,0.0
2024-08-26,Food,UPI,Sign dark.,275.13,0.0
2024-12-11,Rent,Debit Card,Pressure other issue guy meeting.,377.98,0.0
2025-03-12,Groceries,Cash,Door article whose.,400.44,0.0
2024-11-04,Rent,Net Banking,My firm right.,355.08,0.0
2025-02-10,Transportation,Cash,Billion will say get.,136.89,6.27
2025-02-01,Groceries,Credit Card,Especially low raise unit.,73.74,30.59
2024-04-22,Transportation,Cash,Might establish.,53.48,0.0
2024-08-04,Groceries,Cash,Civil former doctor kid four.,117.82,0.0
2024-08-26,Transportation,Cash,Since she avoid.,150.0,0.0
2024-06-02,Transportation,Cash,Say perhaps year teach.,157.03,18.21
2024-06-20,Entertainment,Net Banking,Line realize able.,175.2,5.72
2024-05-21,Rent,Cash,Life candidate.,450.22,0.0
2024-04-22,Bills,UPI,Gas high.,167.43,0.0
2024-11-25,Entertainment,Debit Card,Leader Congress information always.,383.0,0.0
2024-05-16,Rent,Cash,Pattern finish activity.,365.2,12.67
2025-01-29,Food,Net Banking,Physical whom car.,326.36,0.0
2024-08-19,Food,Debit Card,How officer often establish war.,312.55,37.35
2024-09-24,Entertainment,Cash,Inside what exactly.,413.68,0.0
2024-08-18,Groceries,Debit Card,Hear measure.,343.28,0.0
2025-02-04,Entertainment,Debit Card,Interesting impact.,191.93,0.0
2025-01-24,Food,Credit Card,Professor pretty agency five himself.,479.99,11.8
2024-08-20,Groceries,Credit Card,Situation occur everything dinner.,232.9,49.18
2024-04-20,Bills,Debit Card,Board they business nice.,380.79,0.0
2025-02-07,Food,Credit Card,Stock down according artist.,293.66,0.0
2024-06-23,Rent,Debit Card,Trip crime present third material.,117.54,0.0
2025-02-24,Food,Debit Card,Run guess expect old.,64.51,0.0
2025-03-15,Entertainment,Credit Card,Just ago fish piece.,118.4,0.0
2024-04-12,Rent,Net Banking,Should indeed billion.,421.86,11.03
2024-04-09,Bills,UPI,Word sure common sport.,94.22,28.64
2024-05-28,Food,Credit Card,Foreign catch.,295.08,2.81
2024-04-17,Bills,Net Banking,Imagine walk rule get.,232.18,0.0
2024-08-13,Bills,Net Banking,Compare stay.,168.48,0.0
2024-07-17,Bills,Cash,Across much benefit same.,341.19,26.34
2024-04-19,Bills,Cash,Reality smile hand.,418.26,0.0
2024-06-29,Bills,UPI,College remember apply.,213.14,0.0
2024-11-25,Bills,Credit Card,Choice last.,107.38,0.0
2024-10-04,Entertainment,UPI,Outside now sort available.,270.12,0.0
2024-04-26,Food,Credit Card,Hard gas more.,354.84,9.27
2025-02-25,Food,UPI,Away really million up.,106.68,0.0
2024-10-30,Transportation,Net Banking,Kind answer new.,323.43,0.0
2024-06-28,Food,Debit Card,Than positive before.,389.87,0.0
2024-10-01,Food,UPI,Ago produce see.,120.23,0.0
2024-06-17,Rent,Credit Card,Use heavy could just just.,224.71,0.0
2024-09-07,Rent,Debit Card,Friend majority doctor upon thing.,457.49,0.0
2024-04-20,Rent,Net Banking,Green daughter each provide.,295.37,0.0
2024-12-06,Transportation,UPI,Itself less partner.,364.63,0.0
2025-02-09,Bills,Cash,Bag bag leg build.,109.09,0.0
2024-09-24,Groceries,Net Banking,Letter practice water play.,242.01,39.61
2024-04-05,Bills,UPI,Tough view myself.,497.55,0.0
2024-12-11,Food,Credit Card,Town where.,342.16,0.0
2024-06-01,Food,UPI,Serve purpose number for.,401.19,38.54
2024-10-01,Rent,Net Banking,Because worry far.,461.48,0.0
2024-09-03,Food,Debit Card,Hospital improve wonder.,265.82,0.0
2024-04-04,Bills,Net Banking,These catch.,134.43,0.0
2024-12-03,Groceries,Cash,Eye once per surface forward.,294.16,0.0
2024-06-12,Rent,Cash,Sport strong from.,400.46,0.0
2024-03-31,Rent,UPI,Service measure begin.,70.33,0.0
2025-03-10,Food,Debit Card,Decide effort site.,181.55,0.0
2024-10-20,Transportation,Credit Card,Report hope age hit.,381.23,0.0
2025-02-14,Bills,Net Banking,Through enter.,209.12,0.0
2025-01-07,Transportation,Net Banking,Change social machine stage.,65.88,0.76
2024-04-29,Entertainment,Net Banking,Suggest artist group least when.,170.84,12.69
2025-02-25,Entertainment,Net Banking,A fact thing.,365.68,0.0
2024-11-29,Rent,Credit Card,Good woman whose.,121.13,0.0
2025-01-02,Bills,Debit Card,Beautiful produce beyond activity.,352.22,27.51
2024-06-02,Transportation,Net Banking,Knowledge south candidate.,232.82,0.0
2025-03-01,Food,Cash,Less opportunity act teacher.,382.61,0.0
2024-07-04,Entertainment,Cash,These discuss assume usually anything.,99.03,14.68
2024-12-11,Transportation,Net Banking,Fish society would ground.,187.12,0.0
2024-06-04,Groceries,Net Banking,Energy least.,225.24,0.0
2024-08-28,Entertainment,UPI,Throughout huge action like.,399.97,0.0
2025-01-09,Rent,Cash,Debate picture wonder.,394.12,0.0
2025-01-28,Groceries,Credit Card,Bill yet begin.,470.05,0.0
2024-04-02,Bills,Debit Card,Four sea discuss rich.,286.7,0.0
2024-04-27,Rent,Net Banking,This fish.,400.52,0.0
2024-04-26,Groceries,Cash,Computer kitchen generation.,244.73,0.0
2024-09-29,Groceries,Cash,Machine accept hotel.,399.94,0.0
2025-03-14,Groceries,Credit Card,Firm information.,426.76,0.0
2024-12-11,Food,Net Banking,Over I those else.,150.39,7.38
2025-02-18,Transportation,Net Banking,Example within.,193.92,40.3
2025-03-08,Groceries,UPI,Interview another itself believe but.,104.5,12.62
2024-06-26,Transportation,Cash,Story meeting image.,433.72,28.17
2024-06-06,Entertainment,UPI,If professional usually.,165.29,0.0
2024-05-17,Food,UPI,Require today analysis.,63.75,0.0
2024-12-05,Groceries,UPI,Night crime learn deal.,302.55,1.71
2024-07-11,Groceries,Debit Card,Why market perform bad.,449.96,0.0
2024-10-16,Bills,UPI,Score tonight provide operation.,269.37,0.0
2024-12-27,Transportation,Credit Card,Pay price part door than.,451.9,0.0
2025-01-25,Bills,UPI,Design young now form.,124.68,0.0
2024-08-24,Rent,Credit Card,Life drop dinner care ever.,380.33,0.0
2024-06-07,Transportation,Debit Card,Administration offer success even.,412.79,8.31
2024-04-04,Food,Cash,Close tough weight matter.,163.52,21.89
2024-12-05,Bills,Cash,Wait true science.,442.07,0.0
2024-05-13,Rent,Debit Card,Big whatever name generation.,469.47,11.36
2024-12-31,Rent,Cash,Human around sort value.,410.23,46.71
2024-06-16,Transportation,UPI,School sister wall fine cold.,97.04,0.0
2024-05-14,Bills,UPI,Month control lot.,389.71,36.95
2025-02-25,Bills,Credit Card,Everybody performance remain report.,314.19,0.0
2024-11-17,Rent,Debit Card,Open own.,489.4,0.0
2024-06-09,Transportation,Debit Card,No such term room.,111.68,0.0
2025-01-03,Rent,Debit Card,They movement.,183.78,0.0
2024-05-15,Transportation,Debit Card,Rate middle unit return.,112.58,36.73
2024-12-27,Groceries,Cash,Nor impact.,165.6,0.0
2024-08-28,Entertainment,Net Banking,Soldier occur leg everyone.,68.72,35.93
2025-03-04,Bills,Credit Card,Such heart claim often.,107.04,0.0
2024-08-25,Rent,Debit Card,Congress individual.,448.22,0.0
2025-01-21,Bills,UPI,Wish concern kid marriage customer.,415.83,0.0
2025-03-09,Groceries,Cash,Player she exist.,238.07,0.0
2024-09-13,Groceries,Cash,Speech case section.,239.22,39.26
2024-05-29,Transportation,Cash,Us book next behavior.,411.52,14.79
2024-08-12,Food,Net Banking,Already ago.,124.06,0.0
2024-07-08,Rent,Credit Card,Several bar but floor.,58.52,0.0
2024-06-17,Entertainment,Cash,Those class.,213.07,0.0
2025-02-07,Transportation,Credit Card,Trial quite.,107.5,40.16
2024-08-06,Entertainment,Debit Card,Rise painting address.,302.58,0.0
2024-03-19,Rent,Net Banking,Theory into present.,115.05,0.0
2024-05-31,Bills,Net Banking,Tough scene they learn.,225.92,43.93
2024-09-16,Food,Credit Card,Case win and.,81.47,45.32
2024-08-06,Groceries,Cash,Those computer next.,352.35,30.52
2024-11-21,Food,Credit Card,Sometimes scientist not.,191.36,0.0
2024-07-18,Entertainment,Net Banking,Practice school else trouble play.,110.0,0.0
2024-07-18,Entertainment,Net Banking,Attack once simply.,201.76,0.0
2024-10-21,Transportation,Cash,Scene hospital before beyond father.,488.39,42.67
2025-01-09,Food,Debit Card,Style out me exactly.,138.54,0.0
2024-03-24,Bills,UPI,Remain next player kind.,184.01,0.0
2025-01-27,Food,Cash,Full floor resource.,191.68,6.12
2025-01-17,Food,Debit Card,Station soon side network.,82.92,20.81
2024-09-16,Entertainment,Net Banking,Onto sea whom drop talk.,457.31,0.0
2024-04-27,Rent,Credit Card,Heavy think money throw.,407.3,0.0
2025-01-05,Bills,Credit Card,While type model part foreign.,349.05,9.78
2024-05-08,Bills,Debit Card,Thing matter condition wife.,299.56,25.79
2025-03-15,Food,UPI,See teacher mention.,461.81,0.0
2024-04-05,Groceries,UPI,South though.,395.84,0.0
2024-03-27,Entertainment,Debit Card,No region.,132.41,20.88
2024-08-23,Rent,Cash,Work soldier.,443.65,10.37
2024-05-28,Groceries,UPI,Color far.,385.43,41.43
2024-10-11,Groceries,Cash,Development cup million series air.,498.54,0.0
2024-06-21,Groceries,Debit Card,In lay especially second feel.,492.45,0.0
2025-03-09,Groceries,Credit Card,Collection thank reduce.,373.72,0.0
2025-03-01,Groceries,Net Banking,Third management myself artist.,50.52,0.0
2024-05-10,Entertainment,Cash,His various she.,92.35,7.26
2024-12-11,Rent,Debit Card,Rest set citizen purpose executive.,140.74,42.81
2025-02-24,Transportation,UPI,Amount just.,341.59,0.0
2025-01-10,Groceries,UPI,Experience build.,84.83,8.15
2024-03-22,Entertainment,UPI,But court hold.,485.52,0.0
2024-09-23,Entertainment,Credit Card,Writer ability specific.,197.5,0.0
2024-08-09,Transportation,Net Banking,Behavior wife.,71.08,0.0
2025-02-24,Entertainment,Debit Card,Ago allow century.,126.07,31.59
2024-12-22,Groceries,Credit Card,Have subject military human.,290.04,0.0
2024-03-24,Entertainment,Debit Card,Wife prove garden.,54.06,28.53
2025-03-11,Entertainment,Debit Card,Card individual.,224.35,0.0
2024-08-21,Entertainment,Net Banking,Family onto director site.,183.17,0.0
2024-08-01,Entertainment,Debit Card,Management system interview enough.,59.09,0.0
2025-03-05,Rent,Net Banking,Suggest Mrs see.,378.52,32.49
2024-09-26,Bills,Credit Card,Sound when realize stand staff.,173.75,0.0
2025-02-27,Entertainment,Credit Card,Raise feeling discussion.,364.46,0.0
2024-03-19,Transportation,Cash,Customer art poor.,197.34,0.0
2025-02-03,Groceries,UPI,Very including hand.,65.28,0.0
2025-02-06,Bills,UPI,Suddenly skill live although plant.,359.67,0.0
2024-11-27,Food,UPI,Goal Mr light.,57.21,2.03
2025-02-13,Bills,Credit Card,Option side three.,122.33,0.0
2024-10-24,Bills,Debit Card,Change exist into behind.,463.69,0.0
2024-04-14,Bills,Debit Card,Home beautiful develop standard.,250.26,0.0
2025-03-13,Bills,Debit Card,Group or factor despite.,426.33,35.97
2024-12-29,Rent,Credit Card,True option my ball.,176.73,0.0
2025-01-11,Transportation,Net Banking,Yeah record take although management.,198.45,46.25
2024-12-19,Bills,Credit Card,Us respond end effect cause.,314.09,0.0
2024-04-04,Bills,Cash,Teacher store three different.,225.21,0.0
2025-01-21,Transportation,Debit Card,People explain on art.,314.52,13.0
2024-06-20,Bills,Cash,Also wear building.,443.23,0.0
2025-01-14,Bills,Credit Card,Enter much something color.,153.29,40.23
2024-10-01,Rent,Debit Card,Experience kind.,182.45,36.19
2024-10-01,Transportation,Debit Card,Tough stay husband mean.,271.23,25.05
2025-02-18,Groceries,Cash,Bill people more need some.,460.39,0.0
2025-02-11,Entertainment,Credit Card,Manager difficult.,407.49,0.0
2024-08-18,Rent,Cash,Their sea soldier.,256.43,0.0
2024-10-06,Groceries,UPI,Wide usually when keep experience.,482.67,0.0
2024-09-17,Rent,Cash,Experience image answer.,326.45,0.0
2025-01-21,Entertainment,Cash,End culture recently.,352.69,0.0
2024-04-14,Entertainment,Net Banking,Language detail.,480.65,0.0
2025-01-11,Entertainment,UPI,Him stock through find record.,166.53,0.0
2024-12-18,Entertainment,Debit Card,Ball while pull practice.,249.96,0.0
2024-05-10,Food,UPI,Yet option lay medical.,272.42,0.0
2025-01-11,Food,Debit Card,Report stage this.,405.71,0.0
2024-12-11,Bills,UPI,List cultural bank.,104.36,45.52
2025-03-13,Transportation,Net Banking,Approach require plan drive oil.,72.29,22.99
2024-12-29,Bills,Credit Card,Like war.,255.63,0.0
2024-04-02,Groceries,UPI,Respond put current.,128.03,42.78
2025-01-01,Rent,Credit Card,Still what similar son.,203.6,0.0
2025-03-11,Transportation,Debit Card,Hundred store wear pattern job.,249.61,0.0
2024-06-26,Rent,Cash,Question pretty season strong indeed.,253.23,0.0
2025-01-05,Groceries,Credit Card,Question yes become.,448.53,0.0
2024-05-14,Bills,Debit Card,Affect wonder politics ago.,81.16,0.0
2024-08-03,Transportation,Net Banking,Energy technology day.,360.4,0.0
2024-12-15,Rent,UPI,Reach money.,406.42,0.79
2024-05-11,Groceries,Credit Card,Event question describe yeah themselves.,139.47,14.78
2025-01-17,Entertainment,Cash,Herself technology card walk bring.,454.52,0.0
2024-07-05,Rent,Debit Card,There it.,402.47,39.82
2024-06-08,Food,Cash,School real.,311.45,0.0
2024-04-12,Transportation,UPI,Religious however sound.,404.39,0.0
2024-06-24,Bills,Credit Card,Note each again list.,251.22,0.0
2025-02-03,Entertainment,Net Banking,Story weight crime.,393.93,0.0
2024-11-08,Rent,UPI,Religious response standard build.,248.04,0.0
2024-06-21,Entertainment,Credit Card,Attack end.,298.8,0.0
2024-08-04,Transportation,UPI,Smile crime.,405.9,34.67
2024-04-27,Bills,Cash,Wish while Republican myself.,228.98,0.0
2025-01-13,Bills,Net Banking,Off state mother democratic.,356.82,10.78
2024-08-09,Rent,Debit Card,These share board.,113.38,0.0
2025-01-18,Entertainment,UPI,Or might science conference scene.,360.34,0.0
2024-08-29,Entertainment,Debit Card,Worker indicate.,98.29,0.0
2024-10-24,Bills,Debit Card,Management see hear much.,487.72,0.0
2024-05-20,Rent,Credit Card,Off for peace political director.,173.54,0.0
2024-12-22,Groceries,Cash,Together very or.,413.19,0.0
2024-09-28,Rent,Net Banking,Establish however prepare remain.,499.91,0.0
2024-05-08,Groceries,Debit Card,Phone goal change.,175.24,43.37
2024-05-14,Transportation,Cash,Character bill small we.,338.29,0.0
2024-11-19,Transportation,Debit Card,Very difference.,397.57,0.0
2025-03-10,Groceries,Cash,Over year kind customer.,145.38,0.0
2024-03-24,Transportation,Net Banking,Month material forward agree movie.,369.29,0.0
2024-07-16,Food,Credit Card,Service leave.,446.29,0.0
2024-10-28,Food,Cash,Job lay commercial hit.,57.31,0.0
2024-11-16,Groceries,Net Banking,Value detail the growth add.,226.8,0.0
2024-09-21,Food,Net Banking,Very cut wrong story relate.,216.83,0.0
2024-12-31,Groceries,UPI,Far majority hospital.,377.78,44.87
2024-06-30,Entertainment,Credit Card,Better become institution.,86.84,35.39
2024-08-21,Transportation,Net Banking,Finally season hair career time.,208.89,0.0
2024-07-18,Food,Cash,Dog produce sister.,313.33,0.0
2025-03-09,Entertainment,UPI,Possible who include trouble century.,137.46,0.0
2024-05-12,Groceries,UPI,Hear far.,178.04,0.0
2024-05-22,Entertainment,UPI,Article must thousand animal.,354.58,0.0
2024-08-18,Entertainment,Cash,Accept development.,372.36,0.0
2024-07-25,Food,Debit Card,Stand above.,92.09,0.0
2024-07-15,Bills,Net Banking,Boy hard responsibility.,188.62,37.49
2024-04-13,Food,Credit Card,True house measure.,259.34,0.0
2024-12-15,Transportation,Net Banking,Free once second.,93.56,10.53
2024-04-19,Rent,Cash,Cost career new manager.,398.75,0.0
2025-03-15,Food,Debit Card,Practice environmental.,208.61,0.0
2024-05-04,Bills,Cash,Weight understand recently.,298.68,0.0
2024-05-16,Food,Credit Card,Receive car owner film.,70.97,0.0
2025-03-08,Food,Debit Card,Hand large.,123.22,0.0
2024-06-12,Food,Credit Card,Ask we save positive.,334.63,0.0
2024-10-05,Bills,Debit Card,Size share piece.,349.64,1.89
2024-09-24,Bills,UPI,Series air chance.,401.99,36.07
2024-06-16,Food,Debit Card,Current loss myself sit.,218.5,0.0
2024-11-21,Food,UPI,Half even marriage.,398.7,0.0
2024-04-12,Groceries,Cash,Teacher response stock.,181.69,43.18
2024-03-31,Food,Cash,Firm audience certainly although.,450.73,0.0
2025-02-26,Transportation,UPI,Stop her significant do.,496.12,0.0
2024-04-02,Bills,UPI,Back accept peace hot common.,88.87,0.0
2024-10-13,Rent,Credit Card,Total they early.,188.48,5.28
2025-03-13,Food,UPI,Husband music.,136.27,31.78
2024-11-30,Rent,Cash,Per laugh under fly must.,420.89,23.31
2024-07-04,Food,Debit Card,Fine Democrat ago magazine.,499.09,34.66
2024-09-25,Entertainment,Debit Card,Author subject guess.,370.96,0.0
2024-06-02,Transportation,Cash,Letter kitchen give go.,60.22,0.0
2024-04-17,Transportation,Net Banking,Trial his.,246.73,0.0
2024-09-17,Transportation,Cash,Store single practice feeling test.,84.26,0.0
2024-07-31,Food,Net Banking,Kind improve hold continue.,225.09,22.38
2024-10-11,Rent,Credit Card,Ever Republican.,138.46,0.0
2024-04-29,Transportation,UPI,Knowledge control nothing six.,143.67,3.24
2024-12-25,Entertainment,Net Banking,Game across white.,340.97,39.24
2024-04-28,Transportation,Credit Card,Part face shoulder conference.,319.72,0.0
2024-10-22,Food,Cash,Police example phone season instead.,454.09,0.0
2024-11-19,Bills,Credit Card,These thought guess night heavy.,305.57,0.0
2024-04-18,Food,UPI,Air full.,402.16,0.0
2024-03-29,Entertainment,UPI,Thing should newspaper pretty.,213.48,0.0
2025-02-05,Transportation,Credit Card,Director team.,143.71,0.0
2024-10-17,Groceries,Net Banking,Describe improve available recently.,123.85,0.0
2024-07-01,Transportation,Net Banking,Billion wide recent mind identify.,336.05,0.0
2025-01-13,Entertainment,Credit Card,Few to manage.,273.21,22.2
2024-09-02,Food,Cash,Safe future someone lot.,465.41,28.43
2024-03-26,Rent,Debit Card,Simple without this trip door.,134.05,0.0
2024-08-29,Groceries,Debit Card,Full movement order herself.,147.35,0.0
2024-05-17,Transportation,Net Banking,Thank customer out involve.,63.97,0.0
2024-08-25,Food,UPI,Girl scientist special recently arrive.,230.98,0.0
2025-01-04,Entertainment,Debit Card,Large ask century car.,143.26,0.0
2024-10-24,Food,Credit Card,Suggest against.,267.91,0.0
2024-11-09,Entertainment,Credit Card,Dinner wide ahead source.,91.22,0.0
2024-12-25,Bills,Cash,Series chair.,291.15,0.0
2024-04-06,Groceries,UPI,List natural.,346.17,0.0
2024-11-22,Rent,Debit Card,He skin blue picture.,66.32,0.0
2025-01-26,Food,Credit Card,Live sit evening clear.,476.56,0.0
2025-03-05,Food,Net Banking,Face nature grow.,74.62,0.0
2024-11-09,Entertainment,Debit Card,Can song consider somebody.,237.99,1.35
2024-10-09,Groceries,Credit Card,Hour move.,240.53,1.89
2024-09-29,Groceries,Net Banking,Single bring tend pay data.,139.85,13.34
2025-01-02,Transportation,Credit Card,Turn call be.,188.91,0.0
2025-01-12,Entertainment,Debit Card,Evidence wear represent.,446.83,0.0
2024-06-16,Rent,Net Banking,Chance one certainly together bank.,156.91,31.03
2024-03-23,Food,Debit Card,Seem financial very.,190.04,0.0
2025-03-03,Bills,Credit Card,Long hot view.,78.47,0.0
2024-07-23,Groceries,Debit Card,Any research center management.,409.86,0.0
2024-11-06,Bills,Net Banking,Be court.,482.26,31.97
2024-12-05,Rent,UPI,Clearly prepare loss investment charge.,433.09,0.0
2024-10-11,Bills,UPI,Brother image opportunity spend.,409.0,0.0
2024-09-26,Food,Cash,Listen bad along travel structure.,298.42,0.0
2024-05-16,Transportation,UPI,Summer maybe serve technology.,355.75,0.0
2025-01-09,Bills,Credit Card,Individual whom.,139.86,0.0
2024-06-11,Food,Credit Card,Everybody various scientist thought.,297.54,0.0
2024-11-12,Food,UPI,Deal during art throw clearly.,435.24,0.0
2024-11-09,Entertainment,Net Banking,Student traditional show professor.,69.4,0.0
2024-09-28,Groceries,Credit Card,Nothing writer seven.,250.12,0.0
2024-06-04,Bills,UPI,Model focus already.,432.84,0.0
2024-05-31,Rent,Net Banking,Book white win.,331.36,13.68
2024-11-03,Bills,Net Banking,Past pretty room sister.,371.0,0.0
2024-09-04,Entertainment,Debit Card,More really machine.,382.64,25.07
2024-07-22,Groceries,Credit Card,Art visit control agent.,450.29,0.0
2024-10-08,Food,Debit Card,The worry.,497.75,0.0
2024-05-05,Transportation,Credit Card,Man environment project.,169.74,0.13
2024-10-31,Entertainment,Debit Card,Language none power.,213.53,0.0
2024-09-09,Groceries,Credit Card,Pattern west trial voice.,202.52,0.0
2024-10-10,Food,Net Banking,Measure approach best.,138.6,46.09
2024-06-02,Groceries,Debit Card,Tax simple hope subject.,263.32,0.0
2025-01-17,Food,Cash,Page bag year everyone worker.,50.9,0.0
2024-07-10,Food,Net Banking,Certainly news shake use.,393.26,0.0
2024-06-21,Food,Debit Card,Environment so hand surface hold.,72.5,0.0
2025-01-01,Transportation,UPI,Space myself day turn.,477.6,0.0
2025-01-14,Food,Credit Card,Occur along available.,229.82,36.16
2025-03-14,Transportation,Credit Card,Form American actually any reduce.,450.49,29.82
2024-09-10,Entertainment,Cash,Listen sit call.,83.16,0.0
2024-10-04,Transportation,Credit Card,Generation player policy clearly happen.,230.18,0.0
2024-07-11,Rent,Debit Card,Likely son.,225.29,0.0
2024-08-24,Bills,Debit Card,Carry during cultural easy.,356.22,0.0
2024-04-22,Entertainment,UPI,Want nice like.,298.72,0.0
2024-10-03,Bills,Debit Card,Out season cover.,227.73,0.0
2024-12-01,Groceries,UPI,Gas news walk.,149.83,0.0
2024-09-30,Food,Net Banking,Major watch product nice source.,339.43,0.0
2024-07-04,Transportation,UPI,Agreement of upon.,460.3,0.0
2024-09-09,Transportation,Net Banking,Suffer interesting end.,424.38,4.92
2024-12-17,Entertainment,Debit Card,Make management.,255.23,36.62
2024-07-10,Food,UPI,Office stop.,281.56,4.9
2025-02-27,Entertainment,Debit Card,Recognize open personal.,377.6,0.0
2024-05-29,Rent,Debit Card,Whom bill expect account begin.,155.74,0.0
2025-01-02,Rent,Debit Card,Where artist nature evening.,166.44,0.0
2024-06-08,Rent,Debit Card,True store run other.,126.61,32.27
2025-01-10,Groceries,Net Banking,Arm according describe smile.,185.16,0.0
2024-03-29,Groceries,Cash,Maintain worker soldier.,397.62,0.0
2024-08-02,Rent,Debit Card,Fund hot member treatment mission.,286.18,0.0
2025-02-11,Transportation,Cash,Region physical join.,454.59,0.0
2024-11-24,Rent,Net Banking,Understand choose my main issue.,463.62,0.0
2024-11-09,Food,Net Banking,Every trade deal health.,133.58,3.2
2024-05-15,Groceries,Net Banking,Only positive successful need.,427.62,0.0
2024-12-29,Bills,UPI,Choice real who general consider.,290.93,0.0
2025-01-08,Entertainment,Credit Card,Whatever pay development.,386.72,7.03
2024-11-13,Food,Credit Card,American environmental affect.,171.47,0.0
2024-06-17,Groceries,Credit Card,Available law modern.,387.95,0.0
2024-08-04,Rent,Net Banking,Mrs fact total address long.,335.48,0.0
2024-07-01,Transportation,Cash,Seven surface goal always three.,282.69,0.0
2024-11-29,Food,Credit Card,Feel wrong whom.,92.97,0.0
2024-10-18,Rent,Cash,More coach development brother.,91.92,0.0
2025-01-30,Groceries,UPI,Thousand cold.,64.29,0.0
2024-08-07,Bills,Net Banking,Discuss both generation civil reduce.,303.85,0.0
2024-05-02,Food,Credit Card,Thousand response approach.,258.94,43.09
2024-07-18,Transportation,Net Banking,Role Republican list.,315.19,38.14
2024-07-22,Rent,Net Banking,Reason employee lot.,213.98,22.63
2024-08-03,Groceries,Net Banking,Whatever yard research.,370.69,13.65
2024-12-16,Entertainment,Credit Card,Evening evening.,188.51,3.12
2024-10-03,Transportation,Credit Card,Yet begin.,215.49,24.47
2024-06-29,Entertainment,Cash,Ground bring artist firm.,402.0,0.0
2024-06-07,Food,UPI,Final personal collection cell.,127.32,34.74
2024-07-04,Transportation,Net Banking,Direction return unit young.,289.68,30.04
2024-07-07,Transportation,Net Banking,President bill police.,309.18,45.17
2024-12-27,Bills,Credit Card,Series coach forward theory.,81.77,0.0
2024-08-14,Entertainment,Cash,No simply else.,123.15,0.0
2024-07-25,Rent,Debit Card,Kid fact.,194.7,43.12
2024-05-16,Bills,UPI,Beautiful church southern word.,241.89,48.09
2024-04-10,Transportation,Credit Card,Toward account future.,80.98,18.92
2024-10-02,Entertainment,Cash,Left nation during.,385.76,0.0
2024-10-12,Groceries,Cash,Feeling range boy police.,497.59,0.0
2024-07-29,Transportation,Credit Card,Anyone everyone however.,468.32,0.0
2025-01-17,Bills,Debit Card,Program safe apply.,50.42,0.0
2024-07-27,Bills,Debit Card,College quite.,203.4,25.47
2024-12-11,Rent,Debit Card,Science service maintain.,433.21,19.21
2024-07-28,Entertainment,Debit Card,Newspaper serve.,85.02,0.0
2024-03-28,Bills,Debit Card,Case effort me head.,342.87,29.33
2025-01-26,Groceries,Net Banking,Bad visit rest.,398.21,0.0
2024-03-25,Transportation,Cash,Individual later let marriage range.,115.92,0.0
2025-03-03,Entertainment,Credit Card,Parent write before forward.,385.79,0.0
2025-01-31,Rent,Net Banking,Itself chance who animal.,188.2,0.0
2025-03-02,Rent,Credit Card,Statement over administration.,459.81,0.0
2024-04-15,Food,Credit Card,Hot task nearly.,418.2,0.0
2024-11-04,Food,Credit Card,Total need want forget.,244.43,0.0
2025-03-10,Groceries,Credit Card,Foreign case half.,278.16,0.0
2024-07-21,Entertainment,Credit Card,Respond feel set vote magazine.,342.94,0.0
2024-11-02,Rent,Debit Card,Situation two best sea.,109.05,5.45
2024-05-25,Transportation,Cash,Future specific dinner.,108.14,43.87
2024-06-16,Bills,UPI,Film market.,270.56,24.46
2024-04-18,Rent,UPI,Leave hear human.,134.63,0.0
2025-02-06,Bills,Net Banking,Thus remember still.,219.85,47.38
2024-09-03,Transportation,Cash,Part trouble difference know.,472.57,0.0
2024-09-27,Food,Debit Card,Material rest back.,383.1,0.0
2024-12-26,Entertainment,Net Banking,Possible us outside.,81.51,41.82
2025-02-05,Groceries,Debit Card,Third method.,431.72,39.88
2025-03-12,Entertainment,UPI,Environmental left discover arrive.,248.68,0.0
2024-04-10,Entertainment,Debit Card,Something future strong.,178.64,0.04
2024-12-03,Bills,Credit Card,Street material new late church.,484.3,0.0
2024-11-20,Entertainment,Net Banking,Stand tend.,234.73,0.0
2024-06-09,Rent,Net Banking,Arrive different try.,63.27,0.0
2024-12-09,Transportation,UPI,Prevent use yes his feeling.,416.24,0.0
2024-06-22,Bills,Credit Card,Might to.,348.42,0.0
2024-10-04,Groceries,Credit Card,Production everybody well want.,308.28,0.0
2024-08-09,Bills,Debit Card,Real project figure bit deal.,226.19,0.0
2024-11-12,Rent,UPI,If medical see responsibility.,407.1,22.8
2024-07-11,Food,UPI,Color agency everything break.,95.26,0.0
2024-06-30,Rent,Net Banking,Of community fine shake threat.,383.65,0.0
2025-02-18,Entertainment,UPI,End economy friend.,123.74,16.87
2024-06-08,Entertainment,Net Banking,Tell score vote red.,229.04,0.0
2024-11-26,Food,Net Banking,School visit wish pass.,262.87,0.0
2025-01-29,Groceries,Credit Card,Place race series.,61.35,40.07
2024-10-24,Bills,Debit Card,Something old material.,175.85,0.0
2024-09-05,Transportation,Cash,Well movement fine right.,164.87,0.0
2024-12-29,Food,Debit Card,Follow she long while.,233.13,23.37
2024-08-24,Rent,Cash,Any bar woman.,361.56,0.0
2024-12-28,Bills,Cash,Hotel finally bring friend.,295.96,28.49
2024-10-09,Rent,Net Banking,Pass owner discuss.,332.48,0.0
2025-02-04,Transportation,Credit Card,Beyond analysis.,418.34,0.0
2024-06-28,Rent,Cash,Very eat fire.,364.98,45.98
2024-04-14,Entertainment,Cash,Rate since knowledge each foot.,325.88,0.0
2024-08-05,Transportation,Cash,Great free candidate.,361.86,3.29
2024-05-21,Entertainment,Debit Card,Of land discuss.,295.58,49.95
2024-11-20,Groceries,Cash,Hit rate.,386.7,0.0
2024-04-05,Entertainment,Debit Card,Phone trade ground beat.,60.22,45.58
2024-10-05,Entertainment,Net Banking,Whether member training research.,350.91,0.0
2024-05-16,Food,Cash,Hit player else.,390.47,0.0
2024-08-17,Entertainment,Net Banking,Group ever television foot ability.,125.06,0.0
2024-12-06,Rent,Debit Card,Front response onto their.,193.86,11.7
2024-11-17,Transportation,Debit Card,Must measure after.,68.61,0.0
2024-09-28,Entertainment,Net Banking,While area so.,437.39,0.0
2024-11-03,Entertainment,Credit Card,Religious authority rise from investment.,451.58,12.13
2024-12-07,Groceries,Net Banking,Part wife former.,281.0,0.0
2024-08-30,Bills,Net Banking,Source white show yourself cause.,328.89,0.0
2024-09-06,Food,Debit Card,Painting economic education full.,189.9,0.0
2024-12-11,Bills,Net Banking,Wear tax answer door special.,125.4,0.0
2025-03-11,Bills,Cash,Whether they computer.,266.74,0.0
2024-03-22,Rent,Debit Card,Hold piece relate for.,271.41,0.0
2024-07-07,Groceries,UPI,Cell early.,455.46,49.74
2024-05-21,Bills,Credit Card,School guy.,429.5,0.0
2024-03-27,Food,Debit Card,Board new attorney health soon.,236.16,0.0
2024-09-01,Entertainment,Credit Card,Child degree stock.,363.11,0.0
2024-05-19,Entertainment,Net Banking,Author wide soon.,484.29,9.06
2025-01-12,Rent,Credit Card,Able success bank.,244.03,0.0
2024-07-23,Rent,Debit Card,Against dark drop color.,275.07,34.41
2025-01-17,Bills,Debit Card,Her worry.,377.74,20.06
2025-01-18,Transportation,Debit Card,Short budget structure.,128.52,20.24
2025-01-27,Groceries,Credit Card,Draw soldier statement action.,403.06,0.0
2024-04-30,Food,Net Banking,Current though side suffer.,234.07,0.0
2024-08-03,Bills,Debit Card,Gun work manage.,232.35,0.0
2024-10-28,Entertainment,Debit Card,To community information middle.,133.37,0.0
2024-11-23,Food,Cash,Bank glass.,488.07,24.08
2024-11-10,Food,UPI,Draw large.,306.95,0.0
2024-11-09,Groceries,Debit Card,Author important reveal.,142.89,0.0
2025-02-05,Transportation,Debit Card,Third technology use.,173.91,0.0
2024-05-20,Food,Net Banking,Fill should read it.,308.5,0.0
2024-11-02,Transportation,Net Banking,Human by whose local.,72.26,0.0
2024-05-30,Entertainment,Credit Card,Visit trip send.,469.31,44.43
2025-03-01,Bills,Cash,Go recognize speech.,446.36,0.0
2024-10-18,Transportation,Cash,Job phone their.,376.07,0.0
2024-06-29,Transportation,Cash,Thousand subject record.,260.25,0.0
2024-08-11,Food,UPI,Part establish.,365.12,0.0
2024-06-21,Groceries,Debit Card,Rest discuss physical student.,116.97,0.0
2024-08-04,Rent,Credit Card,Prepare sing respond.,177.51,0.0
2025-02-25,Bills,UPI,Religious agreement some reveal.,94.2,0.0
2024-04-17,Bills,Credit Card,Others house consider cost buy.,289.76,0.0
2024-11-02,Groceries,UPI,Grow great land.,227.52,0.0
2024-09-30,Rent,Debit Card,Pass candidate.,426.88,0.0
2024-08-28,Groceries,UPI,Occur group relationship including miss.,474.66,0.0
2025-01-19,Bills,Debit Card,Assume particular school hot while.,225.89,0.0
2024-07-11,Transportation,UPI,Rate seven camera movement.,111.98,0.0
2025-03-16,Transportation,Credit Card,Say level.,251.11,21.06
2024-11-04,Food,Credit Card,Bank service citizen born weight.,407.86,0.0
2024-09-17,Transportation,Cash,Ten everybody.,491.56,0.0
2025-02-09,Transportation,Cash,Debate commercial under rather across.,85.63,0.0
2024-07-26,Transportation,UPI,Approach around.,121.46,46.06
2025-01-16,Transportation,Cash,Office example large.,242.44,0.0
2024-03-17,Groceries,Debit Card,Trip create attorney.,342.15,27.23
2024-11-02,Rent,UPI,Front care mean western.,306.12,0.0
2024-10-10,Bills,Credit Card,Could leave.,147.4,0.0
2024-06-02,Groceries,Debit Card,Discuss large floor.,382.16,0.0
2024-08-06,Rent,UPI,Candidate modern.,53.62,0.0
2024-08-23,Transportation,Debit Card,Fill case either necessary help.,360.44,0.0
2024-04-27,Food,UPI,Analysis program of.,247.69,49.92
2024-05-20,Rent,Debit Card,Various learn upon.,247.55,0.0
2024-05-15,Groceries,Cash,Already close economic drive.,451.13,0.0
2025-01-29,Bills,Credit Card,Develop interview some course usually.,53.39,0.0
2024-07-21,Food,Credit Card,Last provide adult.,422.36,16.3
2025-03-16,Rent,Credit Card,Financial price stay citizen.,178.51,16.83
2024-09-09,Groceries,UPI,Account relate dark arm.,470.95,0.0
2024-06-22,Groceries,Debit Card,Expert my food person.,350.45,20.05
2025-01-15,Groceries,Credit Card,Small order.,430.6,40.75
2025-01-08,Bills,Cash,Admit summer will.,492.59,0.0
2024-07-07,Food,Net Banking,Market candidate eight analysis throughout.,419.06,30.24
2024-07-16,Food,Cash,I with.,314.73,0.0
2024-10-11,Bills,Credit Card,Subject heart mean top quality.,401.89,12.09
2024-05-18,Groceries,Cash,Language serious technology.,484.72,0.0
2024-07-08,Food,Credit Card,Institution school ever.,104.74,0.0
2025-01-18,Bills,Credit Card,Question rich.,112.37,0.0
2024-11-29,Bills,Cash,Arrive role.,80.9,0.0
2024-10-21,Food,Debit Card,Tree through author weight necessary.,317.01,29.42
2024-09-16,Food,Cash,Produce without explain.,252.67,0.0
2024-04-25,Food,Credit Card,School at themselves commercial.,406.41,0.0
2024-05-30,Bills,Credit Card,Real source blue everyone.,233.19,0.0
2024-03-25,Rent,UPI,Turn future almost.,301.01,43.4
2025-01-03,Bills,Credit Card,Operation since.,311.4,0.0
2024-09-13,Entertainment,UPI,Practice far usually meet.,224.26,3.01
2024-10-04,Food,Net Banking,Step wish do rule set.,238.6,8.53
2025-01-04,Groceries,Debit Card,Wear power mind maybe.,433.85,0.0
2024-10-23,Groceries,Net Banking,Foreign nor firm employee.,387.11,30.95
2024-12-26,Bills,Credit Card,Act meet.,308.56,0.0
2025-03-09,Food,UPI,Church maintain mother tough.,259.1,21.14
2024-04-28,Transportation,Net Banking,Quickly brother dog success low.,179.56,0.0
2024-06-20,Entertainment,UPI,Policy keep new.,309.25,0.0
2024-08-10,Transportation,Net Banking,Stage form commercial reason man.,373.57,0.0
2025-03-07,Transportation,Credit Card,Sister mention.,146.91,0.66
2024-05-02,Food,UPI,Example fly great.,168.02,0.0
2025-03-07,Food,Debit Card,Style rule exactly door war.,483.55,30.93
2024-05-10,Bills,Debit Card,Product interesting attack character wish.,74.92,0.0
2025-02-23,Entertainment,Credit Card,Scene seem throughout lot.,253.8,0.0
2024-12-31,Food,Debit Card,Together by drive certain.,380.84,0.0
2024-08-31,Entertainment,Cash,Exactly thought.,232.63,43.84
2024-03-19,Bills,Cash,Republican health.,391.13,0.0
2024-08-01,Rent,Cash,Ahead north pretty.,151.03,26.77
2024-06-12,Groceries,Cash,Chance when person available.,232.59,0.0
2024-09-29,Food,Credit Card,Owner three whom head space.,426.37,13.57
2025-03-10,Transportation,Credit Card,Relationship main pass week.,184.84,1.31
2024-09-13,Food,Cash,Their form.,370.81,0.0
2024-11-20,Entertainment,Debit Card,Fly statement remain boy coach.,279.46,0.0
2024-10-20,Transportation,UPI,Sometimes hospital three stay.,69.58,0.0
2025-01-22,Groceries,Net Banking,Health black.,260.73,0.0
2024-10-28,Bills,UPI,Nature argue side believe forward.,60.19,0.0
2024-12-26,Entertainment,Cash,Form none large benefit together.,238.66,0.0
2024-11-21,Bills,Debit Card,Bar a nature.,134.36,0.0
2024-07-19,Bills,Credit Card,Within carry tree positive.,185.66,0.0
2024-10-30,Entertainment,Debit Card,Success three light discuss.,131.45,41.93
2024-11-08,Groceries,Cash,Course door.,172.36,9.83
2024-05-14,Food,Cash,Image wife change information commercial.,379.93,0.0
2024-03-22,Entertainment,Credit Card,Painting public three lose.,191.43,0.0
2024-08-10,Transportation,Debit Card,Election security whom from.,189.72,0.0
2024-09-29,Groceries,Credit Card,International pass produce.,302.39,0.0
2024-08-20,Rent,UPI,Democratic end guy event.,488.8,0.0
2025-02-13,Food,Net Banking,At real stuff face analysis.,389.8,25.49
2024-05-17,Food,Debit Card,Major light.,300.04,0.0
2024-05-27,Transportation,Net Banking,Foot interest human sea let.,150.07,0.0
2024-10-06,Rent,Debit Card,Left rich general.,488.98,0.0
2024-05-22,Bills,Cash,House apply rock center difficult.,326.59,20.53
2024-05-31,Food,Cash,Couple produce process.,257.65,0.0
2024-03-22,Transportation,Net Banking,Fine point nature.,214.22,0.0
2024-11-29,Entertainment,UPI,Beyond down arrive despite wide.,271.87,20.87
2024-10-12,Groceries,Debit Card,President game ask follow its.,418.05,40.66
2024-08-15,Entertainment,Net Banking,Seek detail we skill.,457.86,0.0
2024-06-13,Groceries,Debit Card,Happen up human.,460.51,0.0
2024-10-06,Groceries,Debit Card,Company safe may.,431.25,0.0
2024-06-13,Bills,Net Banking,Fine smile somebody real.,80.03,0.0
2024-04-15,Bills,Credit Card,People keep tax support our.,398.72,0.0
2024-10-01,Groceries,UPI,Quite day long.,483.23,0.0
2024-07-25,Food,Net Banking,Way any right everybody.,382.28,0.0
2025-02-08,Rent,Debit Card,Increase series boy she.,145.05,0.0
2025-02-23,Transportation,Credit Card,Else perhaps.,345.94,6.19
2025-01-06,Food,Debit Card,Kitchen page.,470.42,44.12
2024-07-06,Transportation,Net Banking,Half none piece film forward.,489.23,9.22
2025-01-27,Entertainment,Cash,Identify simple will six.,384.62,0.0
2024-10-01,Transportation,Debit Card,Like summer whether special set.,466.67,1.99
2025-03-09,Bills,Credit Card,Heart education and carry.,350.82,4.35
2024-04-01,Transportation,Cash,Wrong character challenge coach other.,405.23,0.0
2025-01-26,Transportation,Cash,Eat approach shake fact.,204.76,37.93
2024-06-20,Transportation,UPI,Campaign activity couple whom international.,228.49,25.54
2024-04-04,Groceries,Net Banking,Vote discussion.,477.98,0.0
2024-03-31,Transportation,Net Banking,Clear wrong.,297.15,0.0
2024-08-17,Food,UPI,Here home.,463.98,0.0
2024-06-08,Food,UPI,Challenge officer fine.,102.09,0.0
2024-08-17,Groceries,Net Banking,Magazine or issue.,238.69,0.0
2024-05-01,Bills,Credit Card,Week without benefit.,118.07,0.0
2025-02-13,Entertainment,Debit Card,Simply meeting various mean.,345.19,4.98
2024-12-09,Bills,Cash,Happen suffer certain.,434.43,0.0
2024-11-02,Groceries,UPI,Range field turn offer.,170.63,0.0
2024-07-07,Transportation,Debit Card,Attorney law scientist.,307.13,0.0
2024-08-14,Groceries,Cash,Be power power instead chance.,240.92,0.0
2024-04-10,Food,Debit Card,Parent idea few.,438.41,43.74
2025-01-15,Bills,Debit Card,Six close leg bed.,211.78,0.0
2024-05-16,Groceries,Debit Card,Food standard employee.,187.11,0.0
2024-09-30,Groceries,Cash,Drop floor writer seem.,78.38,0.0
2024-07-29,Entertainment,Cash,But hospital well enough.,126.95,0.0
2025-01-08,Rent,Debit Card,Send like young customer.,71.84,0.0
2024-04-15,Transportation,Cash,One area issue no.,66.62,41.85
2024-06-08,Entertainment,Net Banking,Window present worker.,390.28,23.21
2024-05-10,Bills,Net Banking,Really the.,261.53,0.0
2024-09-03,Transportation,Net Banking,Cost second keep.,377.22,0.0
2024-09-04,Entertainment,Credit Card,Off reason entire.,377.12,13.82
2024-10-29,Rent,Debit Card,Ball half receive open.,399.72,0.0
2024-04-10,Entertainment,Net Banking,Even think summer station.,203.39,19.71
2024-10-04,Food,Debit Card,Determine area marriage.,337.77,0.0
2025-02-08,Bills,Credit Card,Treatment try finally fund.,389.74,0.0
2024-03-23,Food,UPI,End skin phone.,57.7,0.0
2024-06-16,Transportation,Net Banking,All north.,140.46,0.0
2024-06-01,Food,Net Banking,Instead easy relationship act.,343.3,43.04
2024-05-25,Rent,Cash,Daughter cost author type.,195.06,0.0
2024-10-12,Transportation,Credit Card,Finish may tell.,417.64,0.0
2024-05-15,Groceries,UPI,May today clear politics truth.,402.27,0.0
2024-05-29,Groceries,UPI,Issue concern artist.,63.96,0.0
2024-04-07,Groceries,Debit Card,Color bed well prepare.,284.75,6.49
2025-03-08,Entertainment,Cash,West life sea political police.,404.81,0.0
2024-03-26,Bills,Cash,Education themselves visit later note.,196.96,0.0
2024-09-04,Groceries,Debit Card,Always total.,388.83,49.0
2024-11-19,Bills,Debit Card,Term child strong machine.,291.1,0.0
2024-10-20,Transportation,Net Banking,Physical close music.,138.77,0.0
2024-08-12,Groceries,Cash,Father admit piece concern.,284.26,0.0
2024-03-19,Groceries,UPI,Offer building prove.,294.05,27.75
2024-07-03,Bills,Net Banking,Information decade evening book write.,324.56,43.28
2024-08-15,Transportation,Cash,Carry occur thousand.,185.35,13.28
2024-04-20,Bills,UPI,From fall small.,426.32,0.0
2024-09-29,Food,Net Banking,Side energy political tough decide.,371.58,0.0
2025-01-08,Transportation,Cash,Person oil yourself.,423.57,5.31
2024-06-26,Entertainment,Net Banking,Audience seven.,204.91,0.0
2024-09-03,Transportation,Credit Card,May morning history.,360.65,0.0
2024-05-23,Transportation,Credit Card,Authority statement so modern mother.,413.64,14.06
2024-06-26,Bills,Cash,State building alone hard.,353.82,0.0
2024-12-05,Transportation,Net Banking,Cup space.,276.01,0.0
2024-09-24,Groceries,UPI,Early culture finally indeed.,389.29,0.0
2024-12-25,Bills,Cash,World bar happy.,454.55,7.05
2025-03-16,Entertainment,Debit Card,Debate determine we deep.,260.75,0.0
2024-10-14,Bills,Cash,Perhaps city federal bad option.,371.73,0.0
2024-09-07,Food,Cash,Make raise.,459.65,3.27
2024-07-29,Rent,Net Banking,Bad worker such rule Democrat.,161.7,0.0
2025-02-05,Transportation,Net Banking,Drug half.,79.76,17.06
2025-02-12,Groceries,Net Banking,Ask factor end defense.,411.19,41.0
2024-04-28,Bills,Net Banking,According note.,395.19,0.0
2024-09-03,Groceries,Cash,Occur deal.,55.24,0.0
2024-07-02,Food,UPI,Paper throughout action.,337.21,0.0
2024-06-27,Bills,Cash,Use way PM.,146.63,30.02
2025-02-11,Transportation,Cash,Start practice weight wear size.,197.0,4.75
2024-07-27,Rent,Net Banking,Particularly claim image east.,113.2,0.0
2024-06-12,Entertainment,UPI,But family often analysis.,160.85,0.0
2024-05-18,Rent,Cash,Foot response well cold.,434.23,0.0
